City,Lat,Long,Max Temp,Humidity,Wind,Cloudiness,Country,Date
albany,42.6001,-73.9662,37.0,72,7.43,100,US,1610987166
koundara,12.4833,-13.3,98.17,8,6.22,27,GN,1610987768
mitsamiouli,-11.3847,43.2844,82.38,76,9.82,28,KM,1610987238
znamenskoye,57.1281,73.8282,-10.19,90,5.88,27,RU,1610987769
hilo,19.7297,-155.09,68.0,83,4.61,90,US,1610987769
torbay,47.6666,-52.7314,43.0,75,21.85,40,CA,1610987203
bukama,-9.2,25.85,73.4,90,1.72,64,CD,1610987769
new norfolk,-42.7826,147.0587,50.0,55,4.0,67,AU,1610987207
hermanus,-34.4187,19.2345,79.0,60,7.0,0,ZA,1610987199
busselton,-33.65,115.3333,72.0,60,8.03,13,AU,1610987198
samfya,-11.3649,29.5565,73.08,83,4.63,100,ZM,1610987248
punta arenas,-53.15,-70.9167,57.2,51,21.85,75,CL,1610987080
aklavik,68.2191,-135.0107,-5.8,84,6.91,71,CA,1610987771
ambanja,-13.6833,48.45,80.6,89,5.1,75,MG,1610987771
port alfred,-33.5906,26.891,71.01,82,7.0,11,ZA,1610987205
kashi,39.4547,75.9797,21.2,79,4.47,93,CN,1610987772
acapulco,16.8634,-99.8901,80.6,69,2.3,1,MX,1610987563
placido de castro,-10.3353,-67.1856,78.6,95,4.43,98,BR,1610987772
pindi bhattian,31.8978,73.273,51.67,56,3.0,0,PK,1610987773
maniitsoq,65.4167,-52.9,26.08,85,6.51,100,GL,1610987773
lubu,23.1742,112.2809,59.0,99,1.68,4,CN,1610987774
oranjemund,-28.55,16.4333,70.0,74,13.13,3,NA,1610987242
jamestown,42.097,-79.2353,32.0,86,8.05,90,US,1610987198
tuatapere,-46.1333,167.6833,50.0,82,5.01,68,NZ,1610987218
cabedelo,-6.9811,-34.8339,86.0,62,13.8,75,BR,1610987245
rio verde de mato grosso,-18.9181,-54.8442,75.52,88,6.93,100,BR,1610987775
belmonte,-15.8631,-38.8828,84.2,74,9.22,20,BR,1610987244
alta floresta,-9.8756,-56.0861,86.0,66,2.3,40,BR,1610987775
asau,46.4333,26.4,16.0,79,6.91,90,RO,1610987243
east london,-33.0153,27.9116,71.6,73,14.97,75,ZA,1610987209
kupino,54.3663,77.2981,-8.52,91,8.14,0,RU,1610987776
rodrigues alves,-7.738,-72.6509,89.6,66,9.22,40,BR,1610987201
rikitea,-23.1203,-134.9692,78.22,73,11.83,94,PF,1610987199
ilulissat,69.2167,-51.1,15.8,57,2.3,40,GL,1610987214
formosa,-26.1775,-58.1781,82.4,44,9.22,0,AR,1610987564
waipawa,-41.4122,175.5153,63.0,77,18.41,40,NZ,1610987777
hampton,37.0299,-76.3452,48.0,65,10.36,1,US,1610987700
ushuaia,-54.8,-68.3,50.0,71,11.5,75,AR,1610987199
hami,42.8,93.45,15.62,76,3.09,45,CN,1610987778
lebu,-37.6167,-73.65,63.12,63,21.43,0,CL,1610987200
ibatiba,-20.2339,-41.5106,77.68,59,5.73,0,BR,1610987778
ambulu,-8.345,113.6058,76.05,87,2.44,100,ID,1610987779
keuruu,62.2667,24.7,23.0,93,6.91,90,FI,1610987779
kapaa,22.0752,-159.319,66.99,88,16.11,40,US,1610987200
leningradskiy,69.3833,178.4167,-22.95,84,7.96,100,RU,1610987211
porto torres,40.835,8.3972,51.8,76,5.75,20,IT,1610987780
meulaboh,4.1363,96.1285,78.44,81,3.27,94,ID,1610987780
sao joao da barra,-21.6403,-41.0511,89.6,43,16.11,0,BR,1610987185
tarakan,3.3,117.6333,79.95,79,5.3,100,ID,1610987780
tuktoyaktuk,69.4541,-133.0374,-2.2,84,14.97,75,CA,1610987200
port elizabeth,-33.918,25.5701,71.6,68,17.27,0,ZA,1610987158
coahuayana,18.7333,-103.6833,75.2,64,2.48,40,MX,1610987781
vestmannaeyjar,63.4427,-20.2734,37.4,75,21.85,0,IS,1610987233
abu samrah,35.3029,37.1841,46.44,76,10.02,10,SY,1610987782
vila franca do campo,37.7167,-25.4333,64.0,88,18.41,75,PT,1610987782
hobart,-42.8794,147.3294,51.8,40,17.27,75,AU,1610986918
saint anthony,45.0205,-93.218,21.2,68,11.5,90,US,1610987783
kasongo-lunda,-6.4667,16.8167,79.34,74,3.04,93,CD,1610987783
sao filipe,14.8961,-24.4956,75.9,61,11.39,100,CV,1610987242
saint-philippe,-21.3585,55.7679,82.4,78,3.44,40,RE,1610987217
ribeira grande,38.5167,-28.7,62.6,88,20.71,75,PT,1610987207
boundiali,9.5217,-6.4869,94.28,10,6.22,38,CI,1610987784
saint-francois,46.4154,3.9054,42.01,81,3.44,90,FR,1610987236
atuona,-9.8,-139.0333,78.12,76,19.33,83,PF,1610987204
palmer,42.1584,-72.3287,43.0,52,12.66,75,US,1610987667
vaini,-21.2,-175.2,75.2,94,3.44,20,TO,1610987202
cabo san lucas,22.8909,-109.9124,69.8,40,3.44,1,MX,1610987196
bambous virieux,-20.3428,57.7575,78.8,94,11.5,75,MU,1610987214
dikson,73.5069,80.5464,-19.55,83,21.12,1,RU,1610987200
kargasok,59.0556,80.8572,-12.57,89,10.13,71,RU,1610987230
hasaki,35.7333,140.8333,42.8,56,13.8,20,JP,1610987786
nome,64.5011,-165.4064,8.6,85,10.36,100,US,1610987223
puerto ayora,-0.7393,-90.3518,80.01,78,10.36,20,EC,1610987210
nikolskoye,59.7035,30.7861,24.8,93,4.47,40,RU,1610987219
butaritari,3.0707,172.7902,80.19,80,18.92,28,KI,1610987207
tiksi,71.6872,128.8694,-25.11,87,7.02,100,RU,1610987203
tasiilaq,65.6145,-37.6368,23.0,50,1.14,84,GL,1610987207
houma,29.5958,-90.7195,59.0,44,4.61,1,US,1610987788
cap malheureux,-19.9842,57.6142,78.01,91,5.99,63,MU,1610987237
bluff,-46.6,168.3333,50.0,82,5.01,75,NZ,1610987200
castro,-24.7911,-50.0119,68.9,93,5.06,100,BR,1610987035
bubaque,11.2833,-15.8333,79.11,50,8.57,7,GW,1610987227
iskateley,67.6803,53.1512,-16.11,88,8.81,55,RU,1610987789
menongue,-14.6585,17.691,70.79,62,4.97,65,AO,1610987790
mar del plata,-38.0023,-57.5575,82.4,36,14.97,0,AR,1610987203
les cayes,18.2,-73.75,82.24,60,4.32,100,HT,1610987243
itoman,26.1247,127.6694,55.4,62,11.5,20,JP,1610987211
brae,60.3964,-1.353,41.0,87,21.85,40,GB,1610987247
cape town,-33.9258,18.4232,75.0,60,16.11,0,ZA,1610987198
paamiut,61.994,-49.6678,27.59,84,4.63,100,GL,1610987234
klaksvik,62.2266,-6.589,33.8,100,6.2,75,FO,1610987791
ninghai,29.2892,121.4247,41.0,49,1.5,0,CN,1610987792
lazaro cardenas,17.9583,-102.2,85.15,50,2.13,66,MX,1610987792
male,4.1748,73.5089,80.6,83,17.27,75,MV,1610987792
kalaleh,37.3807,55.4916,62.6,27,6.91,0,IR,1610987792
sheridan,44.8333,-106.9173,32.0,86,32.21,90,US,1610987792
road town,18.4167,-64.6167,84.2,61,9.22,40,VG,1610987793
port hardy,50.6996,-127.4199,42.8,100,4.61,90,CA,1610987229
novoagansk,61.9449,76.6625,-18.11,87,11.3,100,RU,1610987793
tripoli,32.8752,13.1875,58.06,61,19.86,82,LY,1610987003
barrow,71.2906,-156.7887,-0.4,71,16.11,90,US,1610987206
dwarka,22.2394,68.9678,71.85,41,10.11,0,IN,1610987794
upernavik,72.7868,-56.1549,16.14,95,6.73,100,GL,1610987734
leshukonskoye,64.8989,45.7622,-0.51,92,9.17,100,RU,1610987233
mataura,-46.1927,168.8643,50.0,82,5.01,50,NZ,1610987198
sassandra,4.95,-6.0833,82.0,73,6.82,47,CI,1610987794
vao,-22.6667,167.4833,77.43,86,13.65,78,NC,1610987216
bredasdorp,-34.5322,20.0403,73.4,60,17.27,0,ZA,1610987209
hithadhoo,-0.6,73.0833,81.48,65,4.36,9,MV,1610987212
kosonsoy,41.2561,71.5508,41.0,56,9.22,61,UZ,1610987246
georgetown,5.4112,100.3354,81.0,73,3.44,20,MY,1610987018
urumqi,43.801,87.6005,-0.4,85,2.24,57,CN,1610987755
burnie,-41.0667,145.9167,46.11,69,7.99,71,AU,1610987796
haines junction,60.7522,-137.5108,30.2,74,4.61,100,CA,1610987796
lahij,13.1667,44.5833,73.36,78,4.61,17,YE,1610987796
tambura,5.6,27.4667,82.71,20,4.56,83,SS,1610987797
grand gaube,-20.0064,57.6608,78.01,91,5.99,70,MU,1610987198
ciudad bolivar,8.1222,-63.5497,90.9,34,10.0,20,VE,1610987797
bonnyville,54.2668,-110.735,33.8,93,12.66,75,CA,1610987797
alihe,50.5667,123.7167,-19.21,78,3.13,1,CN,1610987798
metro,-5.1131,105.3067,72.81,93,12.03,100,ID,1610987236
namatanai,-3.6667,152.4333,79.74,81,7.16,54,PG,1610987766
chapais,49.7834,-74.8492,-0.4,78,13.8,90,CA,1610987799
coihaique,-45.5752,-72.0662,62.6,63,3.44,90,CL,1610987212
hay river,60.8156,-115.7999,6.8,85,1.14,100,CA,1610987781
marawi,7.9986,124.2928,75.0,92,5.01,100,PH,1610987213
san cristobal,7.7669,-72.225,82.4,65,11.5,40,VE,1610987205
villa carlos paz,-31.4241,-64.4978,86.0,41,5.01,0,AR,1610987800
te anau,-45.4167,167.7167,48.33,89,7.54,87,NZ,1610987800
yeniseysk,58.4497,92.1703,13.42,95,8.77,100,RU,1610987591
gogrial,8.5332,28.1004,84.74,16,4.41,53,SS,1610987800
pevek,69.7008,170.3133,-31.23,85,5.7,23,RU,1610987228
mahebourg,-20.4081,57.7,78.8,94,11.5,75,MU,1610987237
cidreira,-30.1811,-50.2056,76.37,58,10.92,69,BR,1610987205
avarua,-21.2078,-159.775,77.0,88,2.3,75,CK,1610987801
saldanha,-33.0117,17.9442,80.6,44,13.8,27,ZA,1610987204
cedar city,37.6775,-113.0619,26.6,74,8.05,1,US,1610987525
alofi,-19.0595,-169.9187,73.4,94,10.69,40,NU,1610987224
tashara,55.5195,83.5094,0.93,93,10.16,100,RU,1610987802
ternate,0.8,127.4,80.85,78,4.14,100,ID,1610987802
fonte boa,-2.4959,-66.2662,86.61,68,5.01,60,BR,1610987802
altus,34.6381,-99.334,45.0,61,5.75,1,US,1610987803
yellowknife,62.456,-114.3525,5.0,85,5.64,90,CA,1610987595
bethel,41.3712,-73.414,39.99,60,11.5,90,US,1610987219
lavrentiya,65.5833,-171.0,-12.21,88,9.82,100,RU,1610987803
isangel,-19.55,169.2667,78.8,89,3.69,20,VU,1610987803
north bend,43.4065,-124.2243,42.01,93,6.91,1,US,1610987804
bereda,43.2686,-7.5406,55.0,80,4.0,0,ES,1610987804
fuerte olimpo,-21.0415,-57.8738,73.36,67,8.34,100,PY,1610987804
portland,45.5234,-122.6762,42.01,93,4.63,75,US,1610987684
vila velha,-20.3297,-40.2925,87.8,58,17.27,20,BR,1610987225
berlevag,70.8578,29.0864,35.6,60,20.71,75,NO,1610987232
kruisfontein,-34.0033,24.7314,73.99,65,8.01,0,ZA,1610987234
sungaipenuh,-2.0833,101.3833,61.63,93,4.07,99,ID,1610987805
ulaangom,49.9811,92.0667,-21.33,85,0.94,14,MN,1610987805
carnarvon,-24.8667,113.6333,82.4,83,5.75,47,AU,1610987806
saint-augustin,51.226,-58.6502,32.59,95,21.05,98,CA,1610987806
tonota,-21.4833,27.4833,71.6,68,17.27,75,BW,1610987806
kodiak,57.79,-152.4072,42.8,87,13.8,90,US,1610987806
beisfjord,68.3751,17.5988,21.2,100,2.3,75,NO,1610987807
verkhoyansk,67.5447,133.385,-42.93,75,0.87,99,RU,1610987807
padang,-0.9492,100.3543,77.0,83,2.3,40,ID,1610987217
bonavista,48.6499,-53.1147,43.0,87,8.05,31,CA,1610987240
hammerfest,70.6634,23.6821,28.4,93,8.05,40,NO,1610987808
riyadh,24.6877,46.7219,71.6,20,11.5,0,SA,1610987110
celestun,20.8667,-90.4,73.42,56,10.36,48,MX,1610987808
terrace,54.5163,-128.6035,35.6,100,0.6,90,CA,1610987809
ponta do sol,32.6667,-17.1,61.0,58,4.0,63,PT,1610987809
khatanga,71.9667,102.5,-30.15,81,14.38,0,RU,1610987809
cantanhede,-3.6333,-44.3767,82.2,81,3.51,98,BR,1610987809
moerai,-22.4333,-151.3333,80.19,74,8.66,81,PF,1610987809
disna,55.568,28.1971,6.93,95,4.88,93,BY,1610987810
wasilla,61.5814,-149.4394,41.0,65,20.71,90,US,1610987548
broome,42.2506,-75.833,34.0,80,9.22,90,US,1610987810
kiruna,67.8557,20.2251,6.8,85,6.91,82,SE,1610987216
mayo,38.8876,-76.5119,45.0,42,11.5,40,US,1610987214
cascais,38.6979,-9.4215,60.8,41,4.61,0,PT,1610987811
sinnamary,5.3833,-52.95,81.91,74,15.14,9,GF,1610987227
ixtapa,20.7,-105.2,68.0,73,3.6,40,MX,1610987541
kakonko,-3.2828,30.9642,66.52,83,0.92,100,TZ,1610987811
pingzhuang,42.0372,119.2889,-8.48,82,5.3,87,CN,1610987652
azanka,58.0401,64.7893,-3.42,90,7.34,4,RU,1610987812
warrnambool,-38.3833,142.4833,55.0,81,13.04,86,AU,1610987812
uvalde,29.3669,-99.767,54.0,100,4.61,90,US,1610987812
varena,54.2167,24.5667,8.01,92,3.44,75,LT,1610987249
passo de camaragibe,-9.2368,-35.4901,86.0,58,16.11,75,BR,1610987813
norman wells,65.282,-126.8329,-5.8,84,3.44,20,CA,1610987228
victor harbor,-35.5667,138.6167,57.99,84,1.99,67,AU,1610987813
camocim,-2.9022,-40.8411,82.63,69,13.11,91,BR,1610987813
sao felix do xingu,-6.6447,-51.995,81.0,71,3.38,92,BR,1610987814
cherskiy,68.75,161.3,-40.95,81,2.46,70,RU,1610987246
thaba-tseka,-29.522,28.6084,64.45,44,9.53,0,LS,1610987814
riihimaki,60.7377,24.7773,23.0,100,2.3,75,FI,1610987815
malartic,48.1335,-78.1328,6.01,78,8.05,20,CA,1610987218
chernyshevskiy,63.0128,112.4714,-37.03,83,6.17,100,RU,1610987815
guerrero negro,27.9769,-114.0611,64.15,45,4.5,0,MX,1610987224
mankono,8.0586,-6.1897,94.66,11,4.29,18,CI,1610987816
kigorobya,1.6162,31.3089,76.86,53,1.81,58,UG,1610987816
chimoio,-19.1164,33.4833,75.2,100,2.3,75,MZ,1610987817
yar-sale,66.8333,70.8333,-16.46,87,18.61,100,RU,1610987817
sabang,5.8933,95.3214,81.75,73,18.52,97,ID,1610987817
andra,62.5147,65.8878,-17.05,88,8.59,100,RU,1610987817
clyde river,70.4692,-68.5914,5.0,85,10.36,90,CA,1610987657
odienne,9.51,-7.5692,94.23,10,6.08,35,CI,1610987818
frumusita,45.6667,28.0667,18.18,91,5.23,51,RO,1610987818
qaanaaq,77.484,-69.3632,2.05,78,6.02,96,GL,1610987818
erzin,36.9559,36.2,51.8,62,26.46,40,TR,1610987238
margate,51.3813,1.3862,43.0,79,1.99,100,GB,1610987819
romanovo,52.6182,81.2271,1.24,94,6.85,60,RU,1610987819
nevers,46.9167,3.3333,42.01,83,2.86,100,FR,1610987819
marienburg,54.0359,19.0266,10.99,100,8.48,65,PL,1610987820
tsiroanomandidy,-18.7667,46.0333,73.09,90,4.34,84,MG,1610987820
manggar,-2.8833,108.2667,78.57,78,13.06,98,ID,1610987820
saint-joseph,-21.3667,55.6167,82.4,78,3.44,40,RE,1610987245
esperance,-33.8667,121.9,62.6,72,14.97,0,AU,1610987821
iqaluit,63.7506,-68.5145,1.4,78,4.61,90,CA,1610987821
agadir,30.4202,-9.5982,66.2,52,11.5,0,MA,1610987821
turukhansk,65.8167,87.9833,-13.61,85,12.41,100,RU,1610987224
laguna,38.421,-121.4238,59.0,30,20.71,1,US,1610987822
victoria,22.2855,114.1577,57.99,67,10.45,52,HK,1610987748
chokurdakh,70.6333,147.9167,-32.91,85,1.28,14,RU,1610987232
thio,-21.6167,166.2167,75.2,100,2.3,75,NC,1610987823
husavik,66.0449,-17.3389,33.8,86,20.71,90,IS,1610987823
provideniya,64.3833,-173.3,-9.98,86,7.14,98,RU,1610987823
omboue,-1.5746,9.2618,80.6,79,8.97,60,GA,1610987824
maldonado,-34.6667,-54.9167,71.6,68,11.5,20,UY,1610987824
karratha,-20.7377,116.8463,91.56,48,8.39,57,AU,1610987235
brandon,27.9378,-82.2859,64.99,55,6.91,40,US,1610987825
waingapu,-9.6567,120.2641,78.8,77,5.61,100,ID,1610987825
pozo colorado,-23.4923,-58.7972,84.87,40,8.97,81,PY,1610987825
beipiao,41.7919,120.7792,-2.24,73,1.68,87,CN,1610987825
nanortalik,60.1432,-45.2371,28.83,85,4.68,100,GL,1610987826
luganville,-15.5333,167.1667,80.42,79,3.33,63,VU,1610987244
kandry,54.5667,54.1167,-6.84,89,3.69,100,RU,1610987826
alcala de henares,40.4821,-3.36,46.4,61,1.01,0,ES,1610987826
salalah,17.0151,54.0924,75.2,53,1.14,0,OM,1610987236
emba,48.8264,58.1442,14.58,93,10.07,99,KZ,1610987827
yarmouth,41.7057,-70.2286,44.6,53,16.11,1,US,1610987828
kabompo,-13.5927,24.2008,71.28,90,2.84,100,ZM,1610987828
moron,-34.6534,-58.6198,89.01,28,2.37,0,AR,1610987748
magam,34.0833,74.5833,28.45,86,1.19,0,IN,1610987829
medea,36.2642,2.7539,59.0,77,9.22,20,DZ,1610987593
fairbanks,64.8378,-147.7164,28.4,64,9.22,1,US,1610987233
taoudenni,22.6783,-3.9836,71.02,20,15.3,99,ML,1610987829
sitka,57.0531,-135.33,46.4,71,11.5,90,US,1610987829
sidrolandia,-20.9319,-54.9614,75.2,88,11.5,75,BR,1610987830
thompson,55.7435,-97.8558,-9.4,84,2.93,90,CA,1610987830
norilsk,69.3535,88.2027,-8.61,88,2.93,100,RU,1610987830
mehamn,71.0357,27.8492,32.0,80,13.8,40,NO,1610987830
luba,3.4568,8.5547,86.0,74,11.5,40,GQ,1610987831
padinska skela,44.9392,20.4303,28.4,100,2.3,75,RS,1610987831
constitucion,-35.3333,-72.4167,72.21,44,5.06,0,CL,1610987240
itaperuna,-21.205,-41.8878,87.69,53,2.48,0,BR,1610987731
marsh harbour,26.5412,-77.0636,69.85,65,12.39,98,BS,1610987718
zalantun,48.0,122.7167,-15.93,72,3.8,16,CN,1610987832
texarkana,33.4251,-94.0477,51.01,37,10.36,1,US,1610987832
islampur,26.2667,88.2,66.31,51,4.97,0,IN,1610987832
high level,58.5169,-117.136,14.0,92,4.61,20,CA,1610987242
goderich,43.7501,-81.7165,32.0,74,8.05,98,CA,1610987833
manicore,-5.8092,-61.3003,87.8,66,5.75,40,BR,1610987833
yeppoon,-23.1333,150.7333,77.0,78,5.75,100,AU,1610987834
abeche,13.8292,20.8324,89.6,15,11.5,0,TD,1610987834
rio gallegos,-51.6226,-69.2181,58.64,50,21.27,100,AR,1610987167
adrar,20.5022,-10.0711,71.64,18,16.15,97,MR,1610987782
luancheng,37.8792,114.6517,26.6,43,4.47,0,CN,1610987834
quelimane,-17.8786,36.8883,86.0,74,8.05,75,MZ,1610987835
tyrma,50.0833,132.1667,-20.9,85,4.43,33,RU,1610987835
washington,47.5001,-120.5015,33.01,85,3.38,0,US,1610987687
talcahuano,-36.7167,-73.1167,73.4,46,10.36,0,CL,1610987835
levelland,33.5873,-102.378,51.01,53,8.05,20,US,1610987836
hualmay,-11.0964,-77.6139,75.29,69,9.62,100,PE,1610987720
kaitangata,-46.2817,169.8464,52.0,88,4.0,58,NZ,1610987836
kenai,60.5544,-151.2583,35.6,75,25.32,90,US,1610986954
korla,41.7597,86.1469,18.46,81,2.84,64,CN,1610987837
north platte,41.1239,-100.7654,39.2,60,19.57,1,US,1610987752
tarbes,43.25,0.1667,46.4,66,4.61,0,FR,1610987648
fukue,32.6881,128.8419,44.69,70,25.66,19,JP,1610987240
beloha,-25.1667,45.05,77.86,85,7.38,89,MG,1610987826
port lincoln,-34.7333,135.8667,59.92,81,14.81,38,AU,1610987838
phalaborwa,-23.943,31.1411,80.6,69,10.36,100,ZA,1610987838
college,64.8569,-147.8028,32.0,79,5.75,75,US,1610987838
argelia,2.2556,-77.2488,72.9,72,0.31,64,CO,1610987839
hede,33.7681,120.2517,35.49,83,8.57,0,CN,1610987839
karachi,24.9056,67.0822,64.4,25,5.75,0,PK,1610987617
tautira,-17.7333,-149.15,77.0,78,2.3,20,PF,1610987839
hambantota,6.1241,81.1185,77.0,100,4.61,75,LK,1610987731
kapit,2.0167,112.9333,72.46,94,0.96,100,MY,1610987840
tera,14.0078,0.7531,90.07,12,9.84,0,NE,1610987840
nioro,13.35,-15.75,96.37,8,8.95,82,GM,1610987776
bengkulu,-3.8004,102.2655,75.92,88,6.17,99,ID,1610987841
machinga,-15.1685,35.3,80.6,69,4.61,40,MW,1610987841
san quintin,30.4833,-115.95,66.31,42,5.32,0,MX,1610987841
narsaq,60.9167,-46.05,21.2,53,3.44,40,GL,1610987841
omagh,54.6,-7.3,41.16,95,4.03,100,GB,1610987820
charters towers,-20.1,146.2667,69.87,91,6.55,100,AU,1610987769
saint george,37.1041,-113.5841,39.2,33,4.61,1,US,1610987659
dagda,56.0951,27.5372,8.64,96,4.05,78,LV,1610987842
sar-e pul,35.8333,66.1667,38.93,70,11.41,63,AF,1610987842
saint andrews,34.0454,-81.1293,51.8,40,17.27,1,US,1610987843
inhambane,-23.865,35.3833,78.8,78,12.66,75,MZ,1610987744
iraucuba,-3.7461,-39.7833,92.39,41,7.65,96,BR,1610987843
denpasar,-8.65,115.2167,78.8,94,6.91,75,ID,1610987843
alghero,40.5589,8.3181,51.8,76,5.75,20,IT,1610987844
chuy,-33.6971,-53.4616,75.67,51,11.59,3,UY,1610987718
lasa,46.6166,10.7002,33.8,68,5.75,20,IT,1610987844
longyearbyen,78.2186,15.6401,17.6,67,26.46,20,SJ,1610987844
waddan,29.1614,16.139,56.64,37,6.85,0,LY,1610987845
manono,-7.3,27.4167,73.31,91,1.57,98,CD,1610987845
minas novas,-17.2186,-42.5903,85.23,30,5.46,0,BR,1610987845
duki,30.1541,68.5728,49.82,41,2.46,0,PK,1610987845
bac lieu,9.285,105.7244,74.3,76,12.5,100,VN,1610987845
svetlogorsk,52.6333,29.7333,0.28,92,4.81,100,BY,1610987249
velke mezirici,49.3552,16.0122,32.0,100,5.99,85,CZ,1610987846
pechenga,69.5259,31.1703,24.8,93,13.8,40,RU,1610987846
fortuna,40.5982,-124.1573,39.2,100,8.05,1,US,1610987846
mengcheng,33.2579,116.5655,38.61,70,7.31,0,CN,1610987847
hornepayne,49.2138,-84.7705,7.93,87,4.29,56,CA,1610987847
thinadhoo,0.5333,72.9333,81.54,61,0.18,0,MV,1610987847
baracoa,20.3467,-74.4958,80.46,64,7.58,100,CU,1610987847
waterford,42.7023,-83.4027,32.0,80,9.22,90,US,1610987743
huarmey,-10.0681,-78.1522,75.51,68,9.35,74,PE,1610987847
brainerd,46.358,-94.2008,15.8,73,6.91,90,US,1610987848
svetlaya,46.5389,138.3297,4.05,80,11.1,100,RU,1610987724
dingle,10.9995,122.6711,74.14,93,11.1,100,PH,1610987848
taraz,42.9,71.3667,44.6,49,11.18,90,KZ,1610987849
ancud,-41.8697,-73.8203,73.0,64,4.61,75,CL,1610987849
airai,-8.9266,125.4092,61.43,100,1.57,100,TL,1610987849
kununurra,-15.7667,128.7333,77.0,61,3.44,79,AU,1610987849
ahipara,-35.1667,173.1667,65.17,86,12.17,37,NZ,1610987850
geraldton,-28.7667,114.6,78.8,65,4.61,75,AU,1610987663
sorland,67.667,12.6934,21.2,93,4.61,20,NO,1610987851
kibala,9.1104,18.3463,95.0,13,6.91,0,TD,1610987851
maneromango,-7.1988,38.7848,82.4,78,14.97,40,TZ,1610987851
cairns,-16.9167,145.7667,77.0,88,3.44,93,AU,1610987779
batemans bay,-35.7167,150.1833,64.99,83,4.0,41,AU,1610987852
kahului,20.8947,-156.47,71.6,78,8.05,90,US,1610987579
arraial do cabo,-22.9661,-42.0278,91.4,48,19.57,0,BR,1610987718
trebinje,42.7119,18.3442,37.4,38,5.75,0,BA,1610987852
faya,18.3851,42.4509,64.4,82,4.61,0,SA,1610987852
kerema,-7.9631,145.7785,79.23,84,4.09,96,PG,1610987853
grindavik,63.8424,-22.4338,33.8,86,20.71,75,IS,1610987730
floresta,-8.6011,-38.5686,93.63,26,10.6,0,BR,1610987853
krasnorechenskiy,44.6265,135.3532,-12.21,84,11.68,97,RU,1610987854
jalu,29.0331,21.5482,55.49,47,10.16,0,LY,1610987854
wilmington,34.2257,-77.9447,55.0,47,16.11,1,US,1610987668
sakakah,29.9697,40.2064,57.2,33,2.62,0,SA,1610987855
seoul,37.5683,126.9778,17.6,41,8.05,0,KR,1610987631
buriti bravo,-5.8372,-43.8336,80.31,86,3.04,97,BR,1610987855
port blair,11.6667,92.75,79.57,74,12.93,26,IN,1610987821
itarema,-2.9248,-39.9167,86.31,61,15.43,87,BR,1610987764
kamaishi,39.2667,141.8833,32.05,94,6.08,60,JP,1610987856
guane,22.2025,-84.0875,76.3,52,6.58,76,CU,1610987856
veraval,20.9,70.3667,70.83,55,6.49,0,IN,1610987856
mongoumba,3.6415,18.5936,86.41,21,2.28,14,CF,1610987856
aykhal,66.0,111.5,-46.75,75,3.74,38,RU,1610987857
sokolka,53.4072,23.5023,5.0,78,2.24,75,PL,1610987857
lagoa,39.05,-27.9833,61.54,84,26.96,100,PT,1610987857
buluang,13.3068,123.3425,71.53,94,3.76,100,PH,1610987858
northam,51.0333,-4.2167,50.0,94,10.0,100,GB,1610987858
crestview,30.7621,-86.5705,55.0,40,5.75,1,US,1610987858
syzran,53.1585,48.4681,-1.7,92,6.71,100,RU,1610987858
privas,44.5833,4.5,44.6,61,16.11,0,FR,1610987859
kirakira,-10.4544,161.9205,80.69,79,5.55,92,SB,1610987859
port hawkesbury,45.6169,-61.3485,39.99,65,11.5,90,CA,1610987625
sanandaj,35.3144,46.9923,37.83,78,11.45,17,IR,1610987787
bairiki,1.3292,172.9752,78.8,83,12.66,75,KI,1610987859
pushkinskiye gory,57.0209,28.9103,11.91,97,3.67,91,RU,1610987860
mogadishu,2.0371,45.3438,77.76,73,22.12,78,SO,1610987860
kelvington,52.1667,-103.5343,8.6,85,5.75,99,CA,1610987860
olafsvik,64.8945,-23.7142,33.96,85,12.84,22,IS,1610987860
ostrovnoy,68.0531,39.5131,25.12,97,14.45,100,RU,1610987861
havre-saint-pierre,50.2334,-63.5986,30.2,86,19.57,90,CA,1610987861
wladyslawowo,54.7909,18.4009,19.0,79,9.22,0,PL,1610987861
saran,47.9501,1.876,43.0,81,8.05,75,FR,1610987861
naica,27.85,-105.4833,65.07,24,8.19,0,MX,1610987862
great falls,47.5002,-111.3008,33.01,86,12.66,90,US,1610987862
katherine,-14.4667,132.2667,82.4,61,10.36,90,AU,1610987862
namibe,-15.1961,12.1522,78.8,61,12.66,75,AO,1610987763
alakurtti,66.9672,30.3491,15.31,95,7.09,100,RU,1610987863
masty,53.4122,24.5387,5.0,78,2.24,75,BY,1610987581
merauke,-8.4667,140.3333,76.5,90,5.28,86,ID,1610987863
calabozo,8.9242,-67.4293,91.31,37,7.81,52,VE,1610987863
ilebo,-4.3167,20.5833,80.28,66,2.98,99,CD,1610987863
araouane,18.9048,-3.5265,76.84,15,8.77,35,ML,1610987864
mount gambier,-37.8333,140.7667,55.4,94,9.22,90,AU,1610987745
tucumcari,35.1717,-103.725,41.0,48,9.22,1,US,1610987864
nuristan,35.3,70.8333,11.62,89,6.82,66,AF,1610987864
batagay-alyta,67.8006,130.4114,-34.94,76,0.38,99,RU,1610987865
pingliang,35.5392,106.6861,29.91,82,4.65,0,CN,1610987865
kavieng,-2.5744,150.7967,82.51,76,14.38,85,PG,1610987758
mahuva,21.0914,71.7622,70.48,59,8.81,0,IN,1610987865
tezu,27.9167,96.1667,61.5,72,4.41,89,IN,1610987865
sencha,50.2548,33.346,8.94,94,5.66,100,UA,1610987866
babu,24.4167,111.5167,46.6,50,1.77,0,CN,1610987866
saint-pierre,-21.3393,55.4781,82.4,78,3.44,40,RE,1610987866
moree,-29.4667,149.85,64.4,94,6.91,90,AU,1610987718
jalingo,8.8833,11.3667,89.87,14,5.14,99,NG,1610987867
fort nelson,58.8053,-122.7002,37.4,48,8.05,1,CA,1610987867
papetoai,-17.4961,-149.8729,77.0,78,2.3,20,PF,1610987867
kaeo,-35.1,173.7833,57.99,90,3.0,2,NZ,1610987867
lysyye gory,51.5506,44.8414,3.16,93,3.69,100,RU,1610987867
peace river,56.2501,-117.286,28.4,69,14.97,20,CA,1610987868
martapura,-3.4167,114.85,73.4,94,3.44,90,ID,1610987868
ahuimanu,21.4447,-157.8378,71.6,83,10.36,90,US,1610987868
zhigansk,66.7697,123.3711,-50.69,75,4.09,44,RU,1610987868
banda aceh,5.5577,95.3222,77.9,79,9.98,96,ID,1610987868
puerto escondido,15.85,-97.0667,80.6,74,4.61,1,MX,1610987869
saint-felix-de-valois,46.1668,-73.4324,21.99,68,6.91,89,CA,1610987869
xacmaz,41.4635,48.806,40.33,77,7.31,100,AZ,1610987869
saurimo,-9.6608,20.3916,80.6,61,4.09,40,AO,1610987869
igrim,63.1906,64.4162,-17.88,87,5.32,99,RU,1610987870
ugoofaaru,5.6667,73.0,82.69,68,16.89,22,MV,1610987870
usinsk,65.9939,57.5281,-26.39,87,6.24,41,RU,1610987736
suleja,9.1758,7.1808,96.8,21,2.3,0,NG,1610987871
colares,38.7992,-9.4469,60.8,63,5.75,0,PT,1610987871
sungairaya,0.7,108.9,76.46,83,9.73,100,ID,1610987871
beringovskiy,63.05,179.3167,-18.6,86,11.12,43,RU,1610987871
hamilton,39.1834,-84.5333,30.99,74,11.5,90,US,1610987872
rapla,59.0072,24.7928,28.4,93,8.05,90,EE,1610987872
veracruz,19.3333,-96.6667,70.0,88,6.91,90,MX,1610987843
saskylakh,71.9167,114.0833,-32.73,83,5.59,89,RU,1610987872
yuncheng,35.0231,110.9928,36.39,60,5.35,0,CN,1610987873
aitape,-3.1374,142.3475,77.94,82,4.34,79,PG,1610987873
sao jose da coroa grande,-8.8978,-35.1478,82.96,65,11.45,41,BR,1610987873
russell,32.3502,-85.1999,53.01,43,4.61,1,US,1610987873
bontang,0.1333,117.5,78.87,85,7.0,100,ID,1610987874
comodoro rivadavia,-45.8667,-67.5,77.0,41,9.22,40,AR,1610987874
okha,53.5739,142.9478,-23.85,83,12.68,41,RU,1610987874
praia da vitoria,38.7333,-27.0667,62.6,82,13.38,40,PT,1610987874
arlit,18.7369,7.3853,78.48,16,9.51,20,NE,1610987874
kristiinankaupunki,62.2743,21.376,29.53,98,9.35,100,FI,1610987875
hofn,64.2539,-15.2082,39.2,60,25.32,75,IS,1610987875
loutros,40.5883,22.3994,32.0,71,4.0,0,GR,1610987875
turayf,31.6725,38.6637,48.2,81,6.91,75,SA,1610987859
santa rosa,14.3122,121.1114,78.8,78,1.14,90,PH,1610987876
tizimin,21.15,-88.15,74.21,60,8.59,39,MX,1610987876
buraydah,26.326,43.975,62.6,48,4.61,0,SA,1610987847
pundaguitan,6.3711,126.1689,79.23,82,4.43,100,PH,1610987876
huilong,31.8111,121.655,44.01,71,1.99,0,CN,1610987877
mamit,23.9333,92.4833,53.01,74,2.64,27,IN,1610987877
nea karvali,40.9617,24.51,35.6,60,0.45,20,GR,1610987877
kavaratti,10.5669,72.642,82.11,71,3.13,0,IN,1610987878
bagdarin,54.4333,113.6,-25.08,78,1.19,68,RU,1610987878
half moon bay,37.4636,-122.4286,62.6,29,9.22,1,US,1610987786
mackay,-21.15,149.2,77.0,83,5.75,90,AU,1610987878
touros,-5.1989,-35.4608,87.8,55,18.41,40,BR,1610987720
rorvik,64.8621,11.2373,28.4,80,5.75,0,NO,1610987879
lebanon,36.2081,-86.2911,43.0,61,9.22,1,US,1610987863
santa quiteria,-4.3319,-40.1567,92.98,37,5.97,73,BR,1610987879
aljezur,37.3191,-8.8033,55.44,69,4.29,0,PT,1610987879
abnub,27.2696,31.1511,60.8,44,11.5,0,EG,1610987880
tura,25.5198,90.2201,60.67,64,1.97,2,IN,1610987880
pitimbu,-7.4706,-34.8086,86.0,62,13.8,75,BR,1610987880
mali,12.079,-12.2982,95.0,9,9.22,0,GN,1610987880
lodja,-3.4833,23.4333,73.31,81,2.1,99,CD,1610987880
ordynskoye,54.3656,81.8994,-2.96,91,8.39,86,RU,1610987881
bacong,9.2464,123.2956,78.8,89,6.91,90,PH,1610987881
souillac,-20.5167,57.5167,78.8,94,11.5,75,MU,1610987881
kloulklubed,7.0419,134.2556,73.4,100,8.99,90,PW,1610987881
porosozero,62.7191,32.727,16.79,97,5.59,100,RU,1610987882
zhelyabovka,45.3988,34.7578,16.52,91,2.48,49,UA,1610987882
puerto del rosario,28.5004,-13.8627,66.2,63,6.91,20,ES,1610987882
ladovskaya balka,45.6297,41.4023,21.54,97,7.38,100,RU,1610987883
montepuez,-13.1256,38.9997,74.86,87,0.76,37,MZ,1610987883
ereymentau,51.6199,73.1033,-0.4,91,2.13,92,KZ,1610987883
flinders,-34.5833,150.8552,68.0,82,1.01,31,AU,1610987883
kudahuvadhoo,2.6708,72.8944,82.08,73,9.82,15,MV,1610987883
jacareacanga,-6.2222,-57.7528,82.58,86,2.26,74,BR,1610987884
srednekolymsk,67.45,153.6833,-42.59,81,2.71,62,RU,1610987884
avera,33.194,-82.5271,51.8,40,9.22,1,US,1610987884
lata,40.1629,-8.3327,60.01,67,6.91,0,PT,1610987884
ibiuna,-23.6564,-47.2225,86.0,45,11.5,75,BR,1610987885
vilyuysk,63.7553,121.6247,-48.53,77,4.76,71,RU,1610987885
plettenberg bay,-34.0527,23.3716,68.83,79,15.43,1,ZA,1610987885
yaan,7.3833,8.5667,94.42,12,4.54,90,NG,1610987886
camopi,3.1655,-52.3158,79.12,93,5.3,88,GF,1610987886
quatre cocos,-20.2078,57.7625,78.8,94,11.5,75,MU,1610987724
jerome,42.7241,-114.5186,28.4,93,2.55,90,US,1610987886
pangnirtung,66.1451,-65.7125,-4.0,77,3.44,90,CA,1610987886
aswan,24.0934,32.907,60.48,31,9.86,43,EG,1610987778
lompoc,34.6391,-120.4579,60.01,66,4.61,8,US,1610987840
abilene,32.4487,-99.7331,55.99,58,21.85,1,US,1610987603
canoa,18.355,-71.1585,86.0,84,5.86,75,DO,1610987887
daru,-9.0763,143.2092,79.68,86,2.19,97,PG,1610987887
yakima,46.4665,-120.6678,34.0,86,8.05,1,US,1610987701
codrington,-38.2667,141.9667,55.69,76,11.61,82,AU,1610987888
novikovo,51.1537,37.8879,4.01,94,2.19,97,RU,1610987888
saint-leu,-21.15,55.2833,82.4,78,3.44,40,RE,1610987727
sonegaon,20.65,78.6833,69.8,56,2.19,40,IN,1610987889
viransehir,37.2353,39.7631,43.56,70,12.28,69,TR,1610987889
micheweni,-4.9667,39.8333,80.65,77,13.78,84,TZ,1610987889
bogotol,56.2078,89.5342,9.86,95,14.36,99,RU,1610987776
luderitz,-26.6481,15.1594,68.86,74,14.65,7,NA,1610987889
anadyr,64.75,177.4833,-25.01,75,8.95,20,RU,1610987890
ketchikan,55.3422,-131.6461,42.8,100,8.05,90,US,1610987890
zambezi,-13.5432,23.1047,71.8,87,5.3,100,ZM,1610987890
san rafael,-34.6177,-68.3301,89.65,16,16.93,0,AR,1610987890
bambanglipuro,-7.95,110.2833,77.97,83,3.83,98,ID,1610987891
sur,22.5667,59.5289,68.83,66,2.68,0,OM,1610987891
tymovskoye,50.8456,142.655,-19.21,83,0.38,0,RU,1610987891
clarence town,-32.5833,151.7833,68.0,88,6.91,0,AU,1610987891
green river,41.5286,-109.4662,23.0,54,14.97,1,US,1610987704
verkhnetulomskiy,68.6073,31.7962,23.0,86,6.71,75,RU,1610987892
quang ngai,15.1167,108.8,62.22,84,7.25,80,VN,1610987892
uspenka,48.3903,39.1619,6.44,94,4.05,99,UA,1610987892
edgewater,28.9889,-80.9023,62.01,58,9.22,1,US,1610987892
mukhen,48.1,136.1,-7.94,89,6.22,100,RU,1610987893
tabou,4.423,-7.3528,82.15,71,5.21,28,CI,1610987893
la primavera,5.4906,-70.4092,90.91,43,14.16,0,CO,1610987893
severo-yeniseyskiy,60.3725,93.0408,5.59,95,4.97,100,RU,1610987893
sompeta,18.9333,84.6,69.33,70,2.33,0,IN,1610987893
sayhat,26.4852,50.0405,66.2,30,12.3,0,SA,1610987894
silver city,32.7701,-108.2803,55.99,8,4.61,40,US,1610987894
zinder,13.8072,8.9881,84.2,15,13.8,0,NE,1610987894
dunedin,-45.8742,170.5036,53.01,83,1.99,51,NZ,1610987791
boa vista,2.8197,-60.6733,86.0,51,14.97,75,BR,1610987643
kluczbork,50.9728,18.2182,18.0,75,5.66,89,PL,1610987895
tecoanapa,16.5167,-98.75,84.58,52,4.83,3,MX,1610987895
sorong,-0.8833,131.25,79.83,75,3.06,100,ID,1610987895
faanui,-16.4833,-151.75,80.92,77,16.04,13,PF,1610987737
marzuq,14.4,46.4667,64.04,26,3.91,0,YE,1610987894
polson,47.6936,-114.1632,28.0,56,3.2,95,US,1610987896
gold coast,-28.0,153.4333,68.0,88,10.36,40,AU,1610987597
san patricio,28.017,-97.5169,71.01,88,17.27,90,US,1610987771
san andres,12.5847,-81.7006,84.2,74,16.11,40,CO,1610987666
vung tau,10.346,107.0843,73.62,75,11.63,91,VN,1610987897
saint-louis,16.3333,-15.0,84.2,28,2.3,99,SN,1610987897
vilhena,-12.7406,-60.1458,73.4,88,5.75,75,BR,1610987768
helong,42.5397,128.9972,-11.47,79,6.31,32,CN,1610987898
bloemfontein,-29.1211,26.214,80.6,44,2.3,20,ZA,1610987794
troitsko-pechorsk,62.7084,56.1964,-23.98,86,1.95,0,RU,1610987898
mgandu,-5.95,34.1333,63.84,93,3.38,87,TZ,1610987898
lamar,33.6668,-95.5836,55.0,49,10.36,1,US,1610987898
bucerias,20.75,-105.3333,68.0,73,3.44,40,MX,1610987899
evensk,61.95,159.2333,-4.04,78,16.17,100,RU,1610987877
fontenay-le-comte,46.5833,-1.0,46.4,81,6.91,90,FR,1610987899
takanosu,40.2219,140.3694,25.0,97,1.3,100,JP,1610987899
saryozek,44.3583,77.9753,32.13,74,3.31,100,KZ,1610987900
vanimo,-2.6741,141.3028,77.74,82,3.29,97,PG,1610987900
yulara,-25.2406,130.9889,73.4,20,5.75,0,AU,1610987726
belaya gora,68.5333,146.4167,-40.86,82,1.45,14,RU,1610987900
zyryanka,65.75,150.85,-39.15,81,6.4,93,RU,1610987900
qasigiannguit,68.8193,-51.1922,15.8,57,2.3,40,GL,1610987885
eydhafushi,5.1033,73.0708,82.49,72,17.27,57,MV,1610987901
bilma,18.6853,12.9164,69.62,22,7.38,99,NE,1610987901
lokosovo,61.1333,74.8167,-21.08,86,9.46,96,RU,1610987901
lincoln,40.8,-96.667,37.99,75,8.05,90,US,1610987646
mutis,6.2262,-77.4044,83.14,71,7.2,30,CO,1610987902
yagodnoye,62.55,149.6667,-29.2,80,4.81,100,RU,1610987902
bela,25.9333,81.9833,58.46,66,2.66,5,IN,1610987902
karpathos,35.507,27.2132,46.4,87,9.22,40,GR,1610987902
fort dodge,42.4975,-94.168,26.6,74,4.61,1,US,1610987903
gobabis,-22.45,18.9667,83.03,26,8.86,71,NA,1610987903
kalabo,-14.97,22.6814,74.14,82,4.5,100,ZM,1610987903
tessalit,20.1986,1.0114,79.48,14,5.21,36,ML,1610987903
skelleftea,64.7507,20.9528,-4.0,84,5.75,90,SE,1610987904
washougal,45.5826,-122.3534,42.8,93,6.91,90,US,1610987904
esil,51.9556,66.4042,-4.74,88,6.06,0,KZ,1610987904
polovinnoye,54.7914,65.9864,-8.43,89,7.07,0,RU,1610987904
kiama,-34.6833,150.8667,68.0,91,10.11,42,AU,1610987905
saint-jovite,46.1186,-74.5966,15.8,86,3.44,100,CA,1610987846
krasnoyarskiy,51.965,59.8967,-2.85,89,7.65,100,RU,1610987905
union,40.6334,-74.2663,45.0,45,13.8,40,US,1610987905
camacha,33.0833,-16.3333,62.6,55,3.44,20,PT,1610987901
necochea,-38.5473,-58.7368,84.78,28,6.35,0,AR,1610987906
chepareria,1.3077,35.2039,65.8,55,4.45,95,KE,1610987906
carlos chagas,-17.7031,-40.7664,88.21,43,4.32,6,BR,1610987906
nishihara,26.1842,127.7558,55.4,62,11.5,20,JP,1610987907
poum,-20.2333,164.0167,82.08,79,12.39,38,NC,1610987755
marolambo,-20.05,48.1167,74.59,89,2.42,56,MG,1610987663
nago,26.5881,127.9761,55.4,81,9.22,1,JP,1610987907
smithers,54.7804,-127.1743,28.4,93,2.3,90,CA,1610987908
price,39.5994,-110.8107,33.8,60,10.36,1,US,1610987650
plotnikovo,55.0247,85.9436,12.2,79,15.66,75,RU,1610987908
bundi,25.4417,75.6417,63.59,53,6.17,0,IN,1610987908
sadat,25.6833,83.2833,55.4,88,3.31,0,IN,1610987909
magdagachi,53.45,125.8,-30.96,79,2.89,0,RU,1610987909
landerneau,48.4525,-4.2525,50.0,93,12.66,90,FR,1610987909
whyalla,-33.0333,137.5833,62.6,82,14.97,75,AU,1610987909
